<?xml version="1.0" encoding="UTF-8"?>
<project-private xmlns="http://www.netbeans.org/ns/project-private/1">
    <editor-bookmarks xmlns="http://www.netbeans.org/ns/editor-bookmarks/2" lastBookmarkId="0"/>
    <open-files xmlns="http://www.netbeans.org/ns/projectui-open-files/2">
        <group>
            <file>file:/C:/Users/Julz/Documents/NetBeansProjects/Librofy/src/Library.java</file>
            <file>file:/C:/Users/Julz/Documents/NetBeansProjects/Librofy/src/Main.java</file>
            <file>file:/C:/Users/Julz/Documents/NetBeansProjects/Librofy/src/Book.java</file>
            <file>file:/C:/Users/Julz/Documents/NetBeansProjects/Librofy/src/BookSearch.java</file>
            <file>file:/C:/Users/Julz/Documents/NetBeansProjects/Librofy/src/BorrowedBookListDisplay.java</file>
            <file>file:/C:/Users/Julz/Documents/NetBeansProjects/Librofy/src/BookListDisplay.java</file>
        </group>
    </open-files>
</project-private>
